beta_hat_w,Omega
-24.422486663258535,0.00421189204295011
